missing_frac,mean_S_total,mean_S_total_missing,delta_mean
0.1,0.6550062021565368,0.6082654549852083,-0.04674074717132848
0.3,0.6550062021565368,0.5497797952197789,-0.10522640693675789
